start_time, eye_data_get_time, eye_data_pack_time, image_data_get_time, image_process_time, image_data_pack_time, end_time, iterations
1663609294023640413, 1663609294024603615, 1663609294099716632, 1663609294099116078, 1663609294111298725, 1663609294116204985, 1663609294121460623, 1
1663609294223901354, 1663609294225414543, 1663609294226154361, 1663609294225711991, 1663609294231609491, 1663609294236354893, 1663609294238351904, 2
1663609294423672422, 1663609294424881022, 1663609294425310293, 1663609294424968533, 1663609294430826716, 1663609294435580308, 1663609294437597555, 3
1663609294623621276, 1663609294624599961, 1663609294625085744, 1663609294624674629, 1663609294633035865, 1663609294637751450, 1663609294639778229, 4
1663609294823624159, 1663609294824599787, 1663609294825082341, 1663609294824673575, 1663609294832275330, 1663609294837040836, 1663609294839041200, 5
1663609295023666322, 1663609295024683050, 1663609295025293957, 1663609295024771525, 1663609295032903657, 1663609295037479574, 1663609295039226852, 6
1663609295224001815, 1663609295224992522, 1663609295225463413, 1663609295225067446, 1663609295231370206, 1663609295236613805, 1663609295238836230, 7
1663609295423602361, 1663609295424487432, 1663609295424903722, 1663609295424553917, 1663609295429927191, 1663609295435055604, 1663609295437064595, 8
1663609295623622436, 1663609295624631409, 1663609295625104067, 1663609295624707034, 1663609295630738601, 1663609295635978937, 1663609295638468227, 9
1663609295823709205, 1663609295824689834, 1663609295825158199, 1663609295824765205, 1663609295831130210, 1663609295836909239, 1663609295839444135, 10
1663609296023418302, 1663609296023866333, 1663609296024071015, 1663609296023899537, 1663609296026265489, 1663609296028408814, 1663609296029408815, 11
1663609296223753628, 1663609296224747814, 1663609296225220649, 1663609296224821779, 1663609296231236575, 1663609296236967602, 1663609296239241110, 12
1663609296423732855, 1663609296424742572, 1663609296425217041, 1663609296424817723, 1663609296430934341, 1663609296436561332, 1663609296438782657, 13
1663609296623725532, 1663609296624735342, 1663609296625208204, 1663609296624809682, 1663609296631623090, 1663609296637169919, 1663609296639442652, 14
1663609296823762695, 1663609296824736563, 1663609296825213534, 1663609296824813119, 1663609296831473981, 1663609296837410888, 1663609296839738652, 15
1663609297023882670, 1663609297024782202, 1663609297025298176, 1663609297024875032, 1663609297032895594, 1663609297038438570, 1663609297040945171, 16
1663609297223650481, 1663609297224580148, 1663609297225030753, 1663609297224645365, 1663609297230699022, 1663609297235612206, 1663609297237581160, 17
1663609297423320986, 1663609297423762497, 1663609297423923353, 1663609297423788398, 1663609297425570277, 1663609297427089785, 1663609297428236827, 18
1663609297623378792, 1663609297623725816, 1663609297623937889, 1663609297623752277, 1663609297626207020, 1663609297627526906, 1663609297628325147, 19
1663609297823666151, 1663609297824637909, 1663609297825133468, 1663609297824713320, 1663609297830945734, 1663609297835971097, 1663609297837968323, 20
1663609298023358534, 1663609298023693284, 1663609298023842275, 1663609298023719542, 1663609298025445591, 1663609298026846312, 1663609298027652395, 21
1663609298223354221, 1663609298223716263, 1663609298223875375, 1663609298223743531, 1663609298225590432, 1663609298226943127, 1663609298227736713, 22
1663609298423400763, 1663609298423708840, 1663609298423840164, 1663609298423729164, 1663609298425443393, 1663609298426737816, 1663609298427623431, 23
1663609298623346271, 1663609298623691779, 1663609298623838012, 1663609298623713906, 1663609298625422616, 1663609298626766159, 1663609298628014685, 24
1663609298823389616, 1663609298823742797, 1663609298823881011, 1663609298823762844, 1663609298825747205, 1663609298827138719, 1663609298828239290, 25
1663609299023283080, 1663609299023563577, 1663609299023687825, 1663609299023582619, 1663609299025692436, 1663609299027243254, 1663609299028490418, 26
1663609299223671001, 1663609299224397489, 1663609299224823988, 1663609299224479285, 1663609299230034940, 1663609299235072492, 1663609299237173791, 27
1663609299423590400, 1663609299424527788, 1663609299424975182, 1663609299424590302, 1663609299431106625, 1663609299436621267, 1663609299438777332, 28
1663609299623690039, 1663609299624623476, 1663609299625132825, 1663609299624711538, 1663609299630934775, 1663609299636913805, 1663609299639126901, 29
1663609299823458855, 1663609299824232738, 1663609299824613159, 1663609299824289063, 1663609299828631160, 1663609299832333036, 1663609299834090639, 30
1663609300023827690, 1663609300026141716, 1663609300027371690, 1663609300026221400, 1663609300034590212, 1663609300040078423, 1663609300042337743, 31
1663609300223650836, 1663609300224821279, 1663609300225405636, 1663609300224911055, 1663609300231546802, 1663609300236938147, 1663609300239227085, 32
1663609300423658064, 1663609300424617907, 1663609300425097137, 1663609300424698210, 1663609300434980162, 1663609300440673248, 1663609300442704182, 33
1663609300623699942, 1663609300624675379, 1663609300625140110, 1663609300624750187, 1663609300630901998, 1663609300637170585, 1663609300639422923, 34
1663609300823688456, 1663609300824662941, 1663609300825133097, 1663609300824738824, 1663609300833258916, 1663609300838617393, 1663609300840821609, 35
1663609301023629886, 1663609301024602938, 1663609301025070179, 1663609301024676771, 1663609301032709035, 1663609301038036891, 1663609301040254007, 36
1663609301223631601, 1663609301224634354, 1663609301225106267, 1663609301224709913, 1663609301230802149, 1663609301236666758, 1663609301239176433, 37
1663609301423615628, 1663609301424588238, 1663609301425056818, 1663609301424664318, 1663609301430998923, 1663609301437103012, 1663609301439641223, 38
1663609301623625328, 1663609301624612569, 1663609301625074721, 1663609301624686012, 1663609301630742862, 1663609301637518608, 1663609301639770210, 39
1663609301823621631, 1663609301824595817, 1663609301825058575, 1663609301824669630, 1663609301830837371, 1663609301836833755, 1663609301839089915, 40
1663609302023629231, 1663609302024582498, 1663609302025051212, 1663609302024657337, 1663609302033789190, 1663609302039635445, 1663609302041959620, 41
1663609302223622241, 1663609302224588489, 1663609302225054386, 1663609302224663264, 1663609302230848135, 1663609302236446506, 1663609302238707474, 42
1663609302423644852, 1663609302424605552, 1663609302425076595, 1663609302424679024, 1663609302430828064, 1663609302436426176, 1663609302438723169, 43
1663609302623621848, 1663609302624586394, 1663609302625051639, 1663609302624661070, 1663609302630901791, 1663609302636737150, 1663609302639120928, 44
1663609302823633496, 1663609302824571734, 1663609302825033312, 1663609302824644376, 1663609302830920907, 1663609302836278263, 1663609302838438385, 45
1663609303023668238, 1663609303024685345, 1663609303025157896, 1663609303024760626, 1663609303031431346, 1663609303036839347, 1663609303039023249, 46
1663609303223665598, 1663609303224626739, 1663609303225119316, 1663609303224699866, 1663609303230846506, 1663609303236379716, 1663609303238594783, 47
1663609303423741786, 1663609303424813757, 1663609303425476866, 1663609303424907502, 1663609303436334684, 1663609303442299952, 1663609303444335198, 48
1663609303623566172, 1663609303624436869, 1663609303624850624, 1663609303624503596, 1663609303629876474, 1663609303634576256, 1663609303636631039, 49
1663609303823653267, 1663609303824609587, 1663609303825186147, 1663609303824705267, 1663609303831706899, 1663609303837413337, 1663609303839787911, 50
1663609304023658960, 1663609304024660813, 1663609304025187044, 1663609304024753160, 1663609304031851010, 1663609304037247439, 1663609304039440245, 51
1663609304223617950, 1663609304224595539, 1663609304225062957, 1663609304224672179, 1663609304230868439, 1663609304236280672, 1663609304238484016, 52
1663609304423712034, 1663609304424682195, 1663609304425179122, 1663609304424754435, 1663609304432601706, 1663609304438691446, 1663609304440954161, 53
1663609304623351736, 1663609304623662067, 1663609304623797976, 1663609304623681457, 1663609304625793494, 1663609304627279574, 1663609304628360312, 54
1663609304823284705, 1663609304823619845, 1663609304823751813, 1663609304823636344, 1663609304825337594, 1663609304826657772, 1663609304827581395, 55
1663609305023574202, 1663609305024349480, 1663609305024768140, 1663609305024411641, 1663609305029814864, 1663609305032799615, 1663609305034374530, 56
1663609305223343832, 1663609305223721713, 1663609305223920038, 1663609305223744164, 1663609305225931123, 1663609305227356622, 1663609305228310825, 57
1663609305423340449, 1663609305423706362, 1663609305423911376, 1663609305423734543, 1663609305426011282, 1663609305428589146, 1663609305429530472, 58
1663609305623427489, 1663609305624053600, 1663609305624314470, 1663609305624086074, 1663609305627602952, 1663609305629358143, 1663609305630248949, 59
1663609305823619748, 1663609305824741606, 1663609305825616264, 1663609305824825473, 1663609305832901442, 1663609305838431096, 1663609305840611281, 60
1663609306023495359, 1663609306024085839, 1663609306024379676, 1663609306024129313, 1663609306027527572, 1663609306030181002, 1663609306031262357, 61
1663609306223810146, 1663609306224817256, 1663609306225321244, 1663609306224893470, 1663609306233500703, 1663609306239028350, 1663609306241698856, 62
1663609306423323583, 1663609306423607475, 1663609306423739819, 1663609306423629118, 1663609306425569456, 1663609306427120607, 1663609306428935431, 63
1663609306623643917, 1663609306624554358, 1663609306625107630, 1663609306624630747, 1663609306632902770, 1663609306638272767, 1663609306640485204, 64
1663609306823382093, 1663609306823774064, 1663609306823909439, 1663609306823796142, 1663609306825922152, 1663609306827258371, 1663609306828290682, 65
1663609307023826549, 1663609307024839157, 1663609307025350424, 1663609307024915836, 1663609307033703599, 1663609307039416010, 1663609307041349403, 66
1663609307223340770, 1663609307223616421, 1663609307223762175, 1663609307223640989, 1663609307225767222, 1663609307227766927, 1663609307228940869, 67
1663609307423362529, 1663609307423752957, 1663609307423944548, 1663609307423790383, 1663609307426702932, 1663609307428549875, 1663609307429400974, 68
1663609307623364913, 1663609307623709767, 1663609307623842818, 1663609307623732476, 1663609307625829636, 1663609307627531129, 1663609307628928288, 69
1663609307823396694, 1663609307823638943, 1663609307823771003, 1663609307823660184, 1663609307825362359, 1663609307826659693, 1663609307827599847, 70
1663609308023434682, 1663609308024067433, 1663609308024222049, 1663609308024092434, 1663609308026213835, 1663609308027896420, 1663609308028746927, 71
1663609308223593675, 1663609308224613796, 1663609308225091148, 1663609308224691171, 1663609308231006687, 1663609308236754834, 1663609308239204996, 72
1663609308423355025, 1663609308423672712, 1663609308423816911, 1663609308423696567, 1663609308425742125, 1663609308427088236, 1663609308427920562, 73
1663609308623606981, 1663609308624479843, 1663609308624976793, 1663609308624588124, 1663609308630833219, 1663609308635718586, 1663609308638321869, 74
1663609308823342377, 1663609308823632439, 1663609308823772466, 1663609308823654668, 1663609308825362696, 1663609308826707824, 1663609308828107788, 75
1663609309023430521, 1663609309023746751, 1663609309023881481, 1663609309023766897, 1663609309025741077, 1663609309027183452, 1663609309028268027, 76
1663609309223653748, 1663609309224476700, 1663609309224939268, 1663609309224549013, 1663609309231406729, 1663609309237064190, 1663609309239447718, 77
1663609309423369208, 1663609309423706064, 1663609309423907439, 1663609309423731542, 1663609309425561523, 1663609309427329925, 1663609309428504164, 78
1663609309623347765, 1663609309623652137, 1663609309623794234, 1663609309623674034, 1663609309625706417, 1663609309627404452, 1663609309628462182, 79
1663609309823382692, 1663609309823750157, 1663609309823900523, 1663609309823770715, 1663609309825597079, 1663609309827039478, 1663609309828288073, 80
1663609310023651031, 1663609310024747770, 1663609310025551340, 1663609310024826088, 1663609310033159178, 1663609310038670288, 1663609310041107347, 81
1663609310223355779, 1663609310226603439, 1663609310226899410, 1663609310226650895, 1663609310229871738, 1663609310232824389, 1663609310234248115, 82
1663609310423616925, 1663609310424605810, 1663609310425158944, 1663609310424703879, 1663609310431689020, 1663609310437242030, 1663609310440322590, 83
1663609310623618358, 1663609310624522330, 1663609310625015108, 1663609310624597351, 1663609310631032510, 1663609310636614060, 1663609310639857545, 84
1663609310823905407, 1663609310824791761, 1663609310825279261, 1663609310824861770, 1663609310831362355, 1663609310837537813, 1663609310839999380, 85
1663609311024196495, 1663609311025252398, 1663609311026155959, 1663609311025360768, 1663609311032394822, 1663609311038835713, 1663609311041558204, 86
1663609311223677891, 1663609311224577460, 1663609311225045840, 1663609311224645429, 1663609311230924417, 1663609311236573361, 1663609311239160905, 87
1663609311424139890, 1663609311424616570, 1663609311424896250, 1663609311424657436, 1663609311428459318, 1663609311431007804, 1663609311432074193, 88
1663609311623776052, 1663609311625295560, 1663609311625872178, 1663609311625382244, 1663609311631744915, 1663609311638455663, 1663609311641632102, 89
1663609311823733721, 1663609311824864100, 1663609311825439345, 1663609311824945124, 1663609311832371004, 1663609311837812275, 1663609311841175050, 90
1663609312023656266, 1663609312024602223, 1663609312025155762, 1663609312024682044, 1663609312031156213, 1663609312037219613, 1663609312040514647, 91
1663609312223919334, 1663609312224888879, 1663609312225396862, 1663609312224962234, 1663609312233156606, 1663609312238694296, 1663609312241716217, 92
1663609312423650649, 1663609312424579673, 1663609312425173155, 1663609312424653691, 1663609312432705160, 1663609312439858862, 1663609312442228532, 93
1663609312623730121, 1663609312624730377, 1663609312625462044, 1663609312624799701, 1663609312633674994, 1663609312639830705, 1663609312641664009, 94
1663609312823618956, 1663609312824487329, 1663609312824935076, 1663609312824553730, 1663609312830857746, 1663609312837623836, 1663609312840055774, 95
1663609313023963006, 1663609313024935520, 1663609313025406487, 1663609313025010076, 1663609313034400557, 1663609313040965465, 1663609313043322940, 96
1663609313223318141, 1663609313223655442, 1663609313223795924, 1663609313223678290, 1663609313225715084, 1663609313227526095, 1663609313228380702, 97
1663609313423303472, 1663609313423653732, 1663609313423836159, 1663609313423683669, 1663609313425598759, 1663609313426912191, 1663609313427936720, 98
1663609313623379981, 1663609313623697062, 1663609313623858803, 1663609313623725564, 1663609313625948942, 1663609313627327661, 1663609313628198067, 99
1663609313823314270, 1663609313823567626, 1663609313823734911, 1663609313823591289, 1663609313825319255, 1663609313826936965, 1663609313827949604, 100
1663609314023384313, 1663609314023832943, 1663609314024014929, 1663609314023875357, 1663609314025639949, 1663609314027071139, 1663609314027920765, 101
1663609314223418149, 1663609314223726325, 1663609314223893642, 1663609314223752274, 1663609314225942334, 1663609314227557036, 1663609314228438824, 102
1663609314423293109, 1663609314423517987, 1663609314423645859, 1663609314423538223, 1663609314425250949, 1663609314426575835, 1663609314427560815, 103
1663609314623342660, 1663609314623624911, 1663609314623786770, 1663609314623653305, 1663609314625643026, 1663609314627208661, 1663609314628168803, 104
1663609314823294630, 1663609314823642249, 1663609314823869744, 1663609314823664175, 1663609314825804286, 1663609314827444688, 1663609314829134516, 105
1663609315023440837, 1663609315023820912, 1663609315023994166, 1663609315023843108, 1663609315025758730, 1663609315027085006, 1663609315027945167, 106
1663609315223286261, 1663609315223550588, 1663609315223683105, 1663609315223573608, 1663609315225512238, 1663609315226931820, 1663609315227779536, 107
1663609315423587854, 1663609315423881610, 1663609315424011033, 1663609315423902402, 1663609315425588451, 1663609315427021003, 1663609315428592101, 108
1663609315623580743, 1663609315624221801, 1663609315624529147, 1663609315624271105, 1663609315629407088, 1663609315634644277, 1663609315636531316, 109
1663609315823729260, 1663609315824921390, 1663609315825984210, 1663609315825025760, 1663609315833032393, 1663609315839733600, 1663609315841561818, 110
1663609316023609868, 1663609316024557780, 1663609316025037555, 1663609316024652470, 1663609316033690679, 1663609316039815299, 1663609316042013380, 111
1663609316223650622, 1663609316224544544, 1663609316224977543, 1663609316224608332, 1663609316231033343, 1663609316236930420, 1663609316240375971, 112
1663609316423588701, 1663609316424417224, 1663609316424864522, 1663609316424483380, 1663609316430864810, 1663609316436653464, 1663609316439050320, 113
1663609316623643208, 1663609316624540461, 1663609316625041310, 1663609316624605108, 1663609316632228851, 1663609316637666482, 1663609316639856319, 114
1663609316823606555, 1663609316824546780, 1663609316824984969, 1663609316824610471, 1663609316830732303, 1663609316836457483, 1663609316839550556, 115
1663609317023634652, 1663609317024518790, 1663609317024989922, 1663609317024585711, 1663609317030791597, 1663609317036766873, 1663609317040157180, 116
1663609317223459955, 1663609317224010253, 1663609317224503443, 1663609317224054415, 1663609317228166350, 1663609317230621287, 1663609317232689167, 117
1663609317423674477, 1663609317426762723, 1663609317427397186, 1663609317426882830, 1663609317433045726, 1663609317438863418, 1663609317441251259, 118
1663609317623642937, 1663609317624700314, 1663609317625282077, 1663609317624780499, 1663609317631013856, 1663609317637242515, 1663609317639649715, 119
1663609317823686091, 1663609317824796293, 1663609317825368568, 1663609317824880753, 1663609317831333654, 1663609317838108205, 1663609317840602098, 120
1663609318023649921, 1663609318024483282, 1663609318024937034, 1663609318024552309, 1663609318033187550, 1663609318040002919, 1663609318042234214, 121
1663609318223671724, 1663609318224904097, 1663609318225404664, 1663609318224978831, 1663609318233211032, 1663609318238741208, 1663609318240977621, 122
1663609318423655273, 1663609318424571703, 1663609318425037615, 1663609318424647318, 1663609318433709770, 1663609318439917463, 1663609318442252992, 123
1663609318623647371, 1663609318624562679, 1663609318625037767, 1663609318624634963, 1663609318631039212, 1663609318638166462, 1663609318640620961, 124
1663609318823763107, 1663609318824700186, 1663609318825208174, 1663609318824770781, 1663609318836053808, 1663609318841568834, 1663609318843858373, 125
1663609319023623171, 1663609319025910960, 1663609319026533754, 1663609319026018725, 1663609319035798785, 1663609319041347989, 1663609319043710397, 126
1663609319223653347, 1663609319224625028, 1663609319225097592, 1663609319224704417, 1663609319231260451, 1663609319237341760, 1663609319240684828, 127
1663609319424199596, 1663609319425459861, 1663609319425945067, 1663609319425547332, 1663609319434266182, 1663609319441170619, 1663609319443548745, 128
1663609319623788336, 1663609319624758272, 1663609319625220839, 1663609319624830069, 1663609319631334178, 1663609319638749654, 1663609319640963113, 129
1663609319823825717, 1663609319825982754, 1663609319826452606, 1663609319826072750, 1663609319832615418, 1663609319838540474, 1663609319840812248, 130
1663609320023613457, 1663609320024401637, 1663609320024845840, 1663609320024469234, 1663609320031326886, 1663609320037658918, 1663609320040686788, 131
1663609320223610209, 1663609320224503951, 1663609320224946040, 1663609320224572369, 1663609320231192962, 1663609320237411816, 1663609320239829841, 132
1663609320423580683, 1663609320424453775, 1663609320424894375, 1663609320424518754, 1663609320431025495, 1663609320437285423, 1663609320439397309, 133
1663609320623635645, 1663609320624694630, 1663609320625265367, 1663609320624780419, 1663609320631746354, 1663609320637890710, 1663609320640525683, 134
1663609320823562381, 1663609320824427131, 1663609320824913843, 1663609320824495609, 1663609320830756390, 1663609320836809982, 1663609320839025648, 135
1663609321023608638, 1663609321024526946, 1663609321025077178, 1663609321024607117, 1663609321032084952, 1663609321038444732, 1663609321040979277, 136
1663609321223346502, 1663609321223647188, 1663609321223778781, 1663609321223666310, 1663609321226259052, 1663609321227788938, 1663609321228686873, 137
1663609321423972377, 1663609321424545426, 1663609321424808656, 1663609321424585350, 1663609321427842495, 1663609321431055018, 1663609321432198538, 138
1663609321623466147, 1663609321623806129, 1663609321623939376, 1663609321623827758, 1663609321625532226, 1663609321626858700, 1663609321627712033, 139
1663609321823572335, 1663609321824489027, 1663609321825213636, 1663609321824558757, 1663609321833487275, 1663609321839707560, 1663609321842463305, 140
1663609322023598054, 1663609322024460815, 1663609322024897792, 1663609322024523894, 1663609322031879638, 1663609322038434851, 1663609322040539568, 141
1663609322223698285, 1663609322224839830, 1663609322225464991, 1663609322225005961, 1663609322231961584, 1663609322237447769, 1663609322239641709, 142
1663609322423586851, 1663609322424789620, 1663609322425326638, 1663609322424855674, 1663609322434981723, 1663609322440491527, 1663609322442330823, 143
1663609322623633980, 1663609322624571792, 1663609322625037161, 1663609322624642995, 1663609322631233245, 1663609322637601648, 1663609322640046068, 144
1663609322823880006, 1663609322824869634, 1663609322825435292, 1663609322824938321, 1663609322831912668, 1663609322838346169, 1663609322840534855, 145
1663609323023744325, 1663609323024848433, 1663609323025380757, 1663609323024940126, 1663609323031784555, 1663609323037604968, 1663609323039739699, 146
1663609323223664667, 1663609323224601472, 1663609323225174204, 1663609323224681911, 1663609323231344865, 1663609323237400702, 1663609323239502548, 147
1663609323423654503, 1663609323424590230, 1663609323425172455, 1663609323424667113, 1663609323431095653, 1663609323437520222, 1663609323439932702, 148
1663609323623656318, 1663609323624662488, 1663609323625221120, 1663609323624737410, 1663609323631108488, 1663609323637639326, 1663609323639798647, 149
1663609323823619458, 1663609323824692215, 1663609323825281009, 1663609323824786079, 1663609323834977989, 1663609323840484777, 1663609323842550188, 150
1663609324023290467, 1663609324023605466, 1663609324023736234, 1663609324023626375, 1663609324025369251, 1663609324027445633, 1663609324028584137, 151
1663609324223457546, 1663609324223928514, 1663609324224074387, 1663609324223953904, 1663609324225643066, 1663609324227001935, 1663609324228559482, 152
1663609324423886168, 1663609324424784706, 1663609324425227551, 1663609324424851201, 1663609324433842028, 1663609324439576042, 1663609324441629820, 153
1663609324623849973, 1663609324624169313, 1663609324624315126, 1663609324624194504, 1663609324626113803, 1663609324628049827, 1663609324629240663, 154
1663609324824210926, 1663609324824825381, 1663609324825000257, 1663609324824849776, 1663609324826586802, 1663609324828042418, 1663609324828882159, 155
1663609325023372435, 1663609325023638717, 1663609325023767100, 1663609325023659156, 1663609325025568095, 1663609325027543300, 1663609325028378646, 156
1663609325223424889, 1663609325223815549, 1663609325223956791, 1663609325223836804, 1663609325225509402, 1663609325226990711, 1663609325227865025, 157
1663609325423459816, 1663609325424016653, 1663609325424329677, 1663609325424148286, 1663609325426353851, 1663609325427735709, 1663609325428620258, 158
1663609325623658071, 1663609325624643908, 1663609325625132884, 1663609325624720016, 1663609325631110052, 1663609325638614614, 1663609325640947238, 159
1663609325823323840, 1663609325823588580, 1663609325823720878, 1663609325823609574, 1663609325825577345, 1663609325826884828, 1663609325827718822, 160
1663609326023620750, 1663609326024626175, 1663609326025094168, 1663609326024699545, 1663609326030913362, 1663609326036742992, 1663609326039358789, 161
1663609326223362716, 1663609326223693315, 1663609326223831680, 1663609326223715818, 1663609326225446680, 1663609326226929804, 1663609326228400153, 162
1663609326423378634, 1663609326423898960, 1663609326424038195, 1663609326423920705, 1663609326425860960, 1663609326427282174, 1663609326428121512, 163
1663609326623351121, 1663609326623719783, 1663609326623858675, 1663609326623740996, 1663609326625475212, 1663609326627107031, 1663609326628318368, 164
1663609326823341937, 1663609326823707920, 1663609326823851576, 1663609326823729504, 1663609326825526062, 1663609326826935826, 1663609326828266423, 165
1663609327023437518, 1663609327023840748, 1663609327024073310, 1663609327023879830, 1663609327026182932, 1663609327027637786, 1663609327028602136, 166
1663609327223327217, 1663609327223661961, 1663609327223853581, 1663609327223689339, 1663609327225953112, 1663609327228805751, 1663609327230688978, 167
1663609327423494644, 1663609327423890031, 1663609327424050607, 1663609327423916383, 1663609327425731532, 1663609327427181840, 1663609327428404553, 168
1663609327623575254, 1663609327624534136, 1663609327625033951, 1663609327624599037, 1663609327631213684, 1663609327636606802, 1663609327638580351, 169
1663609327823568311, 1663609327824318979, 1663609327824778477, 1663609327824376635, 1663609327831144272, 1663609327836004754, 1663609327837957116, 170
1663609328023650903, 1663609328024399500, 1663609328025052934, 1663609328024533555, 1663609328030995450, 1663609328036767708, 1663609328039030687, 171
1663609328223557364, 1663609328224348716, 1663609328224792483, 1663609328224406316, 1663609328230059852, 1663609328235185873, 1663609328237208437, 172
1663609328423347668, 1663609328423743248, 1663609328423911921, 1663609328423771197, 1663609328426067320, 1663609328428143493, 1663609328430553017, 173
1663609328623327943, 1663609328623718084, 1663609328623883523, 1663609328623745187, 1663609328625607776, 1663609328627343120, 1663609328628363700, 174
1663609328823373806, 1663609328823721767, 1663609328823891524, 1663609328823749821, 1663609328825667043, 1663609328827136048, 1663609328828517399, 175
1663609329023369121, 1663609329023870197, 1663609329024043436, 1663609329023897396, 1663609329026074428, 1663609329027685477, 1663609329028498856, 176
1663609329223750388, 1663609329224747803, 1663609329225332914, 1663609329224834151, 1663609329231279608, 1663609329236885282, 1663609329239194324, 177
1663609329423673033, 1663609329424712834, 1663609329425292075, 1663609329424795181, 1663609329431265324, 1663609329436747571, 1663609329439066773, 178
1663609329623669427, 1663609329624651642, 1663609329625126383, 1663609329624725858, 1663609329632822847, 1663609329638369469, 1663609329640774852, 179
1663609329823351023, 1663609329823721041, 1663609329823863236, 1663609329823745257, 1663609329825459809, 1663609329826972980, 1663609329827962185, 180
1663609330023371453, 1663609330023800858, 1663609330023971430, 1663609330023831262, 1663609330026065742, 1663609330028639387, 1663609330030295542, 181
1663609330223643382, 1663609330224624562, 1663609330225094438, 1663609330224698050, 1663609330232818423, 1663609330238257682, 1663609330240571283, 182
1663609330423609099, 1663609330424461725, 1663609330424882746, 1663609330424525759, 1663609330431874263, 1663609330438441618, 1663609330440664068, 183
1663609330623353858, 1663609330623695160, 1663609330623841162, 1663609330623718795, 1663609330625373482, 1663609330626739127, 1663609330627891679, 184
1663609330823388279, 1663609330823733572, 1663609330823879839, 1663609330823758184, 1663609330825483619, 1663609330826963494, 1663609330827792043, 185
1663609331023420666, 1663609331023801802, 1663609331023953025, 1663609331023828964, 1663609331025787396, 1663609331027290921, 1663609331028386636, 186
1663609331223692715, 1663609331224691183, 1663609331225173507, 1663609331224769631, 1663609331231223561, 1663609331236788056, 1663609331239112940, 187
1663609331423376450, 1663609331423671808, 1663609331423841067, 1663609331423695783, 1663609331425869419, 1663609331427511052, 1663609331428792055, 188
1663609331623615140, 1663609331624612746, 1663609331625087207, 1663609331624685664, 1663609331630871104, 1663609331636399989, 1663609331638761398, 189
1663609331823428083, 1663609331823775217, 1663609331823927485, 1663609331823798971, 1663609331825597142, 1663609331827015782, 1663609331828778049, 190
1663609332023808495, 1663609332025010886, 1663609332025957947, 1663609332025152821, 1663609332028657814, 1663609332031199923, 1663609332033107419, 191
1663609332223395634, 1663609332223734532, 1663609332223872883, 1663609332223755996, 1663609332225364925, 1663609332226884811, 1663609332227728092, 192
1663609332423443532, 1663609332423918082, 1663609332424158913, 1663609332423957041, 1663609332427402524, 1663609332429709565, 1663609332430722138, 193
1663609332623461124, 1663609332623737913, 1663609332623871748, 1663609332623758665, 1663609332625641773, 1663609332627137573, 1663609332628003807, 194
1663609332823424436, 1663609332823759737, 1663609332823904280, 1663609332823783662, 1663609332825538321, 1663609332827078485, 1663609332827899327, 195
1663609333023370393, 1663609333023635684, 1663609333023782076, 1663609333023659272, 1663609333025625134, 1663609333027071516, 1663609333027954703, 196
1663609333223325429, 1663609333223583247, 1663609333223771230, 1663609333223605493, 1663609333225347701, 1663609333227237435, 1663609333228188626, 197
1663609333423294870, 1663609333423649038, 1663609333423784090, 1663609333423666898, 1663609333425359027, 1663609333426719712, 1663609333427671741, 198
1663609333623292788, 1663609333623631920, 1663609333623767829, 1663609333623648328, 1663609333625649016, 1663609333627068230, 1663609333628277868, 199
1663609333823830633, 1663609333824789372, 1663609333825269433, 1663609333824876099, 1663609333834031493, 1663609333839559701, 1663609333841759260, 200
